,Open,High,Low,Close
0,0.951909383527803,0.9578409642292142,0.9224659743536764,0.9496225707896968
1,0.9509909640046773,0.9954344133071799,0.9452655301888916,0.97918863545448
2,0.9745366048221242,0.9881345228379108,0.9646602349079124,0.9731768021001896
3,0.9706720646662481,0.9958637986520689,0.9662347961408679,0.9952197160157218
4,0.9983687475809319,1.0149724952989165,0.9932158678893898,0.9971521105987025
5,0.9998716242746737,0.9998716242746737,0.9812639927456703,0.9894942283045214
6,0.9891365949752862,1.0549788148805852,0.9818366636829666,1.0425975320995988
7,1.0377308661985858,1.0607756569290738,1.0025911258308686,1.0033783743044031
8,1.0072431437598846,1.041237777454082,1.0066705894563963,1.0390190885767274
9,1.0377310158104904,1.098635051976839,1.0377310158104904,1.0651414412635691
10,1.04982592015478,1.0612051507818672,1.0316476751244907,1.0491818374861308
11,1.0456749262844374,1.0648550038423308,1.0412377669814907,1.0617776473460463
12,1.0585572012287086,1.0739442032256825,1.0459612241784255,1.0564816780994806
13,1.0569110731996354,1.0883293784783241,1.0554797419449857,1.0865401871091183
14,1.087065480594104,1.087065480594104,1.0272303652797905,1.0319597695334155
15,1.0378358710932367,1.0493729584700222,1.009100691299924,1.0450017611572573
16,1.0521676719462112,1.0585453098550999,0.9930490777535607,1.0
17,1.0070940930356336,1.0432102384527313,0.9998565837825768,1.0365459041555527
18,1.0377641723045914,1.0390539799330694,1.0061625732933213,1.0225724121759165
19,1.0207094006221809,1.0379792219594897,1.0134001621236493,1.026442134555484
20,1.030383348014572,1.0559656296121873,1.0262272277416866,1.0343963385469361
21,1.0331063549449775,1.0571121303393198,1.022070932383537,1.0404872129458926
22,1.046864792307089,1.0925115837124162,1.0260120271916664,1.0839124286616202
23,1.090361869047555,1.148763829903381,1.077749832432136,1.1315657373186536
24,1.1309924603924961,1.178215650443185,1.1289142910080268,1.156288043984094
25,1.1465424326312266,1.2074524993647604,1.1420996156944787,1.194338907170404
26,1.1972769904957472,1.2035112802026955,1.1635255983375414,1.1728412777987958
27,1.1797889954473177,1.2059028981717659,1.1721844136410713,1.1981548027081808
28,1.1977244163657483,1.2031768408617347,1.124045859323783,1.130789578377966
29,1.133659276993621,1.133659276993621,1.05244784191095,1.0603394511394244
30,1.0590480742056627,1.073611591134027,1.0510130605814205,1.0626351494977495
31,1.0556762168351863,1.060052453079247,1.0406822683560863,1.04950644294141
