,Open,High,Low,Close
0,1.075388341343118,1.0789836660211192,1.0364071449924006,1.0611961676668784
1,1.066210730852469,1.0671568613331408,1.0010213517979267,1.0216473138911357
2,1.02164722812173,1.036123232597589,1.0017781287700331,1.0072657861564087
3,1.0078335045237508,1.0297840630725237,1.0000751193173343,1.025715709345436
4,1.031487022451487,1.0506938224013538,1.0000750181843607,1.042273139511244
5,1.0507884857936627,1.053437679921064,1.0205118783588953,1.035650182076279
6,1.0455847159739025,1.092040391551308,1.0313925429249193,1.084187371806441
7,1.0864581410411107,1.1309269198085177,1.0856065731457551,1.0945003577732857
8,1.10197501527031,1.1227901749270859,1.0739691339092299,1.105475705324739
9,1.1060432888292664,1.1255338486662814,1.0169164657364589,1.0332847304000339
10,1.0062249999278723,1.034703979173447,0.9394271988483035,0.9810575852947827
11,0.9821929459509092,0.9978989851140084,0.9673384746893041,0.9753806914794505
12,0.9856409077400139,1.0058006171558154,0.9775580012732816,0.9950551130341918
13,1.0015214460108197,1.0048496930571456,0.9840243343670814,1.0021870954200849
14,0.9944846388540435,0.996576700727133,0.925732227767371,0.9337200937782271
15,0.9438949412977625,0.9768922869357719,0.9187903471481641,0.9702357206905913
16,0.9765119709520028,1.010365122669574,0.9701406722166713,1.0
17,1.005515304941425,1.0503992992921132,0.9919169767593338,1.0386077648178897
18,1.0331874664072147,1.0639025244410367,1.0281475392255273,1.0597184736479364
19,1.0523012641635545,1.0723658602936699,1.0324267499389173,1.065614252581575
20,1.0656142381610132,1.0721756913284908,1.0379421582662085,1.0502091881856757
21,1.0508748432867263,1.0537275954029928,1.0217762783584616,1.0282426180591488
22,1.0304298343506837,1.045644730561126,1.0249144118024147,1.0313807517606461
23,1.0246290777575102,1.2225179743384658,1.0218713666612167,1.2101559037054719
24,1.1993153193381512,1.2510459645417926,1.1993153193381512,1.2055914320522287
25,1.2119785526415072,1.2470212399885778,1.2110237271027042,1.2419605990692555
26,1.2489308451515277,1.2811089090021839,1.247784937989461,1.266117995612202
27,1.2747115898135721,1.2876019900118525,1.2493128070642288,1.2506495774354023
28,1.2535140677147718,1.267168356864646,1.2227682049348991,1.2432017771832895
29,1.241101142401501,1.2468302413782548,1.1562158618882654,1.184861065377956
30,1.1820920754866857,1.2110237189232673,1.1704430145858202,1.2003294835547558
31,1.1858159635815158,1.1983243457918002,1.1576481364454254,1.1786546627102499
