,Open,High,Low,Close
0,0.8894517335986061,0.9163184612053188,0.8603460990842058,0.9157078784642294
1,0.9150972963999238,0.9378933708267061,0.91224780650727,0.9305660667354386
2,0.9324085362030015,1.0070991731651533,0.9313881878370543,0.954448434575894
3,0.9546524842655683,0.9803656993344128,0.9532239809670315,0.9738353762989329
4,0.9748556846816291,0.9936303431764725,0.9244496828373969,0.9481221223317058
5,0.9493466078066732,0.9626112921600762,0.9426121685160676,0.9493466078066732
6,0.955060610522891,1.0070991547084083,0.9426121582827389,1.0001606769605
7,1.01016035004834,1.0305676298472963,0.9828145920038347,0.9856715987200735
8,0.9889366592027967,1.0142417178176601,0.8909817417584088,0.900369070822154
9,0.9005731950810396,0.9213886278705041,0.8364943549621948,0.8401675933626065
10,0.804046787279549,0.9001650483276463,0.7950675351042547,0.8873084413433033
11,0.8844515129198128,0.9271027309735956,0.8677175496496776,0.924857917731671
12,0.9275108218784259,0.9924059736301568,0.9220008473507217,0.9911815088970259
13,0.9973036984014306,1.0175069387725775,0.9909774917626322,1.0158743190931514
14,1.003017829723827,1.017506979646614,0.9593461857159487,0.9619991538777922
15,0.9682896436256073,0.9797462211760897,0.896071920796504,0.9472175792671045
16,0.9502864105549111,1.020049090033175,0.9502864105549111,1.0
17,0.973813366662783,0.9977495768984314,0.9202127351018653,0.9509001320938701
18,0.9189852621660373,0.9441489977740716,0.9013912191354947,0.934533587875751
19,0.9292143658448349,0.9871112936915025,0.925941046541842,0.9793371310811113
20,0.9768821581627477,1.017798688347575,0.9744271882034428,1.0061374834882661
21,1.007774070416958,1.1108837417651583,0.9948854200299969,1.065261821499581
22,1.0689443846978686,1.0814239392834681,1.0380524377752633,1.0425532031685276
23,1.0431669483345218,1.1472995184740453,1.0431669483345218,1.1370703861540217
24,1.1491406945582208,1.2150163320846408,1.1448444776870421,1.1669394410966811
25,1.1761457308712873,1.2049918824219155,1.1166121807330935,1.1974222679133442
26,1.2103108945646548,1.2528641211253888,1.1196807788427472,1.1372748983614323
27,1.1354337233492697,1.1378886933317538,1.0793780421282824,1.0926759457807398
28,1.107234915676257,1.1166668980375023,1.0518731542488664,1.07709349571979
29,1.0672514278999259,1.0789389014276973,1.0243973322254674,1.0623304275818588
30,1.055769055675184,1.1248686958764056,1.0531034681737916,1.1129761348839562
31,1.1019038580175795,1.1117459371191292,1.0346495334968193,1.0615102614862657
