,Open,High,Low,Close
0,1.1349243664619275,1.1450867248961103,1.1031020271652596,1.1430839986850434
1,1.1339598572914829,1.140784224568828,1.080403294098054,1.0944229415542064
2,1.09486831042149,1.1087395726829268,1.0586693776304819,1.0640843448105313
3,1.066294656657901,1.103720243935349,1.0563988094039856,1.0876487876342837
4,1.0939732945808296,1.122693539563821,1.0902530561816477,1.0976191690837878
5,1.1034227189122838,1.115178685739205,1.0878721498346344,1.092857255606924
6,1.0863839091324032,1.110639934652791,1.0755208772582843,1.104017915253931
7,1.1086309614581242,1.1726191026332,1.1070684114909617,1.135491085266973
8,1.129613282942085,1.1327382696866766,1.086681698471237,1.1179316794498229
9,1.1217262189432686,1.1472471128911423,1.0115327779159997,1.021651830701857
10,1.0011161395988528,1.0067708608886565,0.969866160886227,1.0
11,1.004315491967083,1.0214286107222101,0.9877976249593045,1.0162946637424057
12,1.0178572598573896,1.0322173257396419,1.0069941136585698,1.0281250407492415
13,1.0406251567170923,1.0457591042045087,1.0103423596977754,1.0272322749091964
14,1.008035766047894,1.0111607526829907,0.9366816207148569,0.9397322434536415
15,0.9416666732892819,0.9658482215448695,0.9210565786763203,0.9566221034867167
16,0.9630208225713831,1.0026042121979946,0.9504464558395411,1.0
17,1.0077136062960248,1.0234743079980986,0.9593110040974112,0.9980032013748023
18,1.005995530078891,1.0676938769345408,0.9888157144804999,1.0482730671590967
19,1.050812730045036,1.0618677091892585,1.0153324860332436,1.0441648573050208
20,1.0363965472112229,1.046405682907551,1.0130168985387822,1.041401115059387
21,1.0505886900808392,1.0539500676536908,1.0222045850614219,1.0309439160038314
22,1.0046511432151446,1.0583570478432374,0.9994224983504709,1.0289271002073321
23,1.0390855897058453,1.079794476687461,1.029748683793736,1.0620169713585161
24,1.0611955100020278,1.090998842889932,1.0433432351867469,1.0878616559530954
25,1.0961527766863493,1.11579766360283,1.0818113025867095,1.110344828375061
26,1.110344877605258,1.1227443168162188,1.0824089262460959,1.0993646664212753
27,1.0993646045541805,1.1085522021141336,1.0496176560441304,1.0571618350553058
28,1.071353903688876,1.088683256197504,1.0399819218457758,1.0472273701303083
29,1.0442396038790158,1.0442396038790158,0.9500488903252216,0.9575184152256782
30,0.959446183205845,0.9931043704462366,0.9543487247460507,0.9788615239541486
31,0.9802107956837031,1.0275122865397448,0.9674671781301766,1.0224147708880327
