,Open,High,Low,Close
0,1.4077366006559353,1.4273011500237622,1.3622376809288217,1.4036416909379108
1,1.4118314627319297,1.4136513743328043,1.3622376349603278,1.3986367348008157
2,1.3899919667545277,1.4323059761017165,1.3713374165579415,1.3854421441952063
3,1.3804371610622492,1.4318508995476233,1.3731573412197589,1.4145613491172837
4,1.4168362959865832,1.4295760244231996,1.3772522854431002,1.409101476361191
5,1.4063715788026343,1.471435046832599,1.3918119386134424,1.456875406643407
6,1.502829248047397,1.614301634979233,1.493274516655566,1.5692578020951142
7,1.5788124962014558,1.6907397933143038,1.4946393933954403,1.5005543013593352
8,1.5142039417377395,1.520118849700196,1.4081915526145672,1.4263911025330882
9,1.4295760785077827,1.431850989808605,0.9290879554841864,0.9773167866765061
10,0.9190781657411994,0.9386426273164533,0.8571996103372769,0.8967836198577348
11,0.909798566868551,0.9642856830954242,0.8699633638852622,0.9555861123361964
12,0.9565017968726119,1.0009157718692279,0.9175824530913632,0.9404762258251859
13,0.940018339890572,1.0128205441707532,0.8933150225536988,1.009157544026654
14,0.9862637712928313,0.9931318856464156,0.8534798195704099,0.8649267059373212
15,0.8699633638852622,0.9065933653262536,0.8475274770860534,0.9001831369072831
16,0.9171245671567493,1.059523774174814,0.9047619089206101,1.0
17,1.0270146588125357,1.12912086424551,1.00869965809204,1.094780205144776
18,1.0869963189219638,1.0966117488832317,0.9913003419079599,1.034340659100734
19,1.025641001008694,1.090659319066063,1.0082417721574262,1.0787545467645376
20,1.0796703186337655,1.0883699767258055,0.995421227986673,1.0425824312581602
21,1.035256430969962,1.068681318201468,0.9880952276984747,1.038461545179447
22,1.0380036592448332,1.0796703186337655,0.9830585697505339,1.0622710897824976
23,1.0512820020173879,1.2101648406831174,1.0073260002881983,1.1996337261854337
24,1.1886446384203242,1.203754612264147,1.093864433275548,1.1149267496037274
25,1.1140109777344995,1.1456044085603623,1.0782966608299238,1.1217948639573116
26,1.1465201804295901,1.1707875236344423,1.0558607740307149,1.1011904335637464
27,1.1373626364029361,1.1666666375557293,0.9459706823749285,0.9578754546764537
28,0.9578754546764537,0.9642856830954242,0.909798566868551,0.9313186817985319
29,0.9235347955757197,0.9661172268338799,0.8653845918719352,0.8937729084883127
30,0.896520136763184,0.9464285683095425,0.8937729084883127,0.9294871380600762
31,0.9162087952875214,0.9464285683095425,0.9033882511167683,0.9413919103616015
