,Open,High,Low,Close
0,0.8367190207592818,0.8407583363528521,0.7882470135102483,0.8292173953486888
1,0.8344108173500934,0.8361419447112786,0.7905551873020581,0.8038273104886027
2,0.7934404389096429,0.8147911932074258,0.7565093732144917,0.7709355630128488
3,0.7703586129985567,0.7911323080003023,0.7582406104896507,0.7847848038409899
4,0.7870929666803989,0.8217157905618672,0.7732437820962625,0.819984663125681
5,0.8194076429805672,0.8367190832964595,0.8038273852183504,0.804981451889249
6,0.7974798123459,0.8857681399449316,0.7974798123459,0.8776894532599236
7,0.8938467298316706,0.9503973688896363,0.8863451043385948,0.8996172279129745
8,0.8944237815673112,0.9503973592426802,0.8788434699248667,0.9498202984340977
9,0.9509743750096988,0.9527055573534516,0.8234469140566751,0.8338337329614668
10,0.8003650130708783,0.8499910867649437,0.7865158839048433,0.8430665221819262
11,0.9832891266817753,0.9861743205492958,0.8961548740814059,0.9457809460254651
12,0.9457810158645703,0.9925219524241357,0.9434728826127332,0.9850202717136922
13,0.9919447955009107,0.9919447955009107,0.9573219195726477,0.9844431155171914
14,0.9824765465891995,0.9929905823456044,0.9164718717839472,0.9170559972604745
15,0.9234812732615295,0.9725466438600572,0.8995326298854202,0.9398363967943721
16,0.938668160459261,1.0157709425922627,0.938668160459261,1.0
17,1.0005840278721474,1.0070092969419817,0.955023353116732,0.9702102818387196
18,0.9690419887314429,0.9924064505920374,0.9316587940492208,0.9801401498941785
19,0.9748831152096628,1.0204437871981977,0.966705470141804,1.0058409848612488
20,0.9947429577811281,1.04789715057602,0.9871494380044048,1.0134345273691503
21,1.0140185750746415,1.023948484583019,0.9900699894504139,0.9953270069201746
22,1.0064251597544893,1.040303658383729,1.0011681417421463,1.0040887691993066
23,1.0058410480438862,1.1682242603387725,0.994158872286827,1.1080606708235288
24,1.1296727941252445,1.1413550805220603,1.106308332742153,1.1191587586502183
25,1.1179904937985161,1.1466119725625037,1.1004671758321691,1.144859707612192
26,1.155373703772496,1.1705606308198606,1.127920365436265,1.1378502749899058
27,1.1419391008310535,1.1436914772233422,1.0806073754379792,1.1022195719673764
28,1.1112194106536304,1.1171238934784884,1.0645742328363996,1.0704786030426152
29,1.0698882666387532,1.0828780388862755,0.9842735463829348,1.0090722843963091
30,0.9960824309322249,1.0326900191079718,0.9960824309322249,1.015567144024125
31,1.005529634079201,1.027376074219367,0.9907684832639266,1.0208812444413236
