,Open,High,Low,Close
0,0.9163054116604977,0.9334149715062009,0.8935391252687712,0.9309009063390099
1,0.9401189708488957,0.9681926777016128,0.9340433584296418,0.9391412848669493
2,0.9438451201454356,0.9860521943012628,0.9401810402186055,0.9828814034587453
3,0.9761167715348146,1.0019764899768604,0.9738620279805206,0.9827402621608567
4,0.9861931066995057,0.9939439164770419,0.9653361613081843,0.9737916390278752
5,0.9804149701396547,0.9880953548726799,0.9630107284861887,0.9744256161634264
6,0.9757645534806659,1.003456368585834,0.9745667040256454,0.9972556349201007
7,0.997325996966398,1.0260747046588974,0.99323926732213,1.012052738510861
8,1.0111367008626202,1.017337434200251,0.9489183111757664,0.9992285232106809
9,0.9962691506801471,1.0018356401321313,0.9444791770621155,0.9871795366967926
10,0.9874612825435374,0.9978192766712533,0.9643495955487325,0.98872966321082
11,0.9831630439849857,1.005288259960375,0.9690001232150963,1.003808607985949
12,1.005711194102108,1.0264976093072042,1.0048656785398191,1.011911928271529
13,1.0109253712235153,1.0233972622877123,1.0053587742014918,1.0193104248904832
14,1.0217061264227278,1.0520754430467432,1.0217061264227278,1.0351644880990518
15,1.0422025174177054,1.0537833693094278,1.0053286097224743,1.0196803276508604
16,1.023872118013155,1.028916570687167,0.9893428063943162,1.0
17,0.9980106337629012,1.018756623638682,0.9951687589237002,1.0127175040921597
18,1.0181883142034396,1.0195382428113924,0.9844405326469652,1.0009947206092007
19,1.0073889625294257,1.0147070020410307,0.9982948324541623,1.0106572163426835
20,1.010515086511672,1.041918271256396,1.0098756809017364,1.033108393757957
21,1.0331084159752209,1.0382238777858765,0.9614920590366244,0.9628419876270176
22,0.9683836460857564,0.9715097734441968,0.9487743411684756,0.9563765243729172
23,0.959502710515118,0.9680994528669314,0.9296625893383037,0.9492717870463628
24,0.9472114583992035,0.9607105274868752,0.9295914861958329,0.9526110643521554
25,0.9501954647506857,0.9882771759950995,0.9480640042490919,0.9834458582974475
26,0.9881350204366077,0.99893434049023,0.9795381697521509,0.9900533456722536
27,0.9929662248116173,0.99751328980016,0.955595037824863,0.95722911050856
28,0.964109024185178,0.9683381750669368,0.9320676225866749,0.9414578119390972
29,0.9478374592430189,0.9536436004570932,0.9318526331611314,0.9413145739370179
30,0.9382322705859449,0.9562241558047417,0.932712804925614,0.9447552655139281
31,0.9446834159211649,0.9457586960519978,0.9287703418743003,0.9301321883709943
