,Open,High,Low,Close
0,0.9088970315987718,0.9093384020134674,0.8763561727696034,0.9019956366916669
1,0.907452578898701,0.9102211696519801,0.8844211732419938,0.8990666019974041
2,0.89874564847003,0.9216165236336161,0.8695752187901566,0.8823347371143445
3,0.8778006567088092,0.9042024934123983,0.8759950727211984,0.9022764800156918
4,0.9038413431955652,0.9186874058990855,0.8294107017504887,0.8614299250167616
5,0.8622725171532946,0.8724239758679463,0.8512784811203851,0.8661244828543688
6,0.8552106040758246,0.8967794433625671,0.8461826231023759,0.8881527304779041
7,0.8914830565662026,0.9479380639871776,0.8879922566209539,0.9146348308698402
8,0.9196503711055245,1.0028281569593016,0.883217442812537,0.9919544890686419
9,0.9929976869066535,1.0136216063859544,0.9523115865632498,0.9766671035202308
10,0.975429669849047,0.9967723356612259,0.9458161323468145,0.9667553815442935
11,0.9688533342495128,0.990155676363101,0.9487613650755405,0.9700637071891286
12,0.9728072032852298,0.9813604606116788,0.9538045751013458,0.9709109666299884
13,0.9763575927920467,1.0348987424042562,0.9701444351979783,1.033486630351814
14,1.027717232010738,1.0517630911772122,1.004518652404187,1.0086742191304772
15,1.0117405395071832,1.043532639111163,0.9902767799319383,0.9916888920584627
16,0.9998386456627357,1.0231985797863339,0.988945350252494,1.0
17,1.0025820723030936,1.009158384871602,0.980835928408582,0.9943919701585455
18,0.9965706318979304,1.0126281281604792,0.9790607618964285,1.00024207412596
19,0.9907205795259793,1.0108932580847005,0.9770838291204021,1.0093197916196053
20,1.0071411099046788,1.0456708744251813,0.992495726436648,1.0181956977018143
21,1.0147260510030622,1.0598725768651387,0.9993544798472366,1.013031553397756
22,1.0176309091987767,1.031429013726683,1.0082304337520251,1.0089970053750412
23,1.013897811663287,1.1260573800461056,0.9986051566183627,1.1020029424763425
24,1.111291993407914,1.1212708326803944,1.055841040597636,1.0597757559713588
25,1.0568955862937917,1.0929164590883407,1.0442802343632571,1.0909694651804684
26,1.100380194272365,1.1258949990976312,1.0990010323617523,1.118958585908747
27,1.1139691767090265,1.1150238809173851,1.0553947177572467,1.0578285838887658
28,1.0553947566900779,1.0609520082239128,0.99819951944735,0.9987674133128821
29,0.9987673893619594,1.0022964395920102,0.9329725384386652,0.9498065833956565
30,0.9490359187200175,0.9667218353986119,0.9438436667805863,0.9542686505045783
31,0.9474539023393034,0.9633955334566293,0.9377996451868548,0.9568241816245452
