,Open,High,Low,Close
0,0.9215048912543449,0.9224748816019296,0.8762056685719034,0.9017167773404313
1,0.8999708204279092,0.9059848793614118,0.8730046874778118,0.8835777087257247
2,0.8743625874893973,0.8821226578584982,0.8484634691912107,0.8575815407740768
3,0.8656890980448774,0.8936460923655347,0.8621700306074076,0.8843597099813771
4,0.8921797732858259,0.9037144773887092,0.8612902734748733,0.8768327586774551
5,0.876050805110557,0.889051725166891,0.8531768674105245,0.869012670433624
6,0.8726294216449302,0.920821014305296,0.8677418364849686,0.91202342068027
7,0.9141739027300333,0.9339197886963783,0.8672531295707299,0.8895405061437279
8,0.8897360782256636,0.9358748996958207,0.8776148864325571,0.9328446203922041
9,0.9366568210099547,0.964907057387017,0.8902247617951017,0.8993156732139972
10,0.8913978343826571,0.9192570557864266,0.860997047730881,0.912218920994183
11,0.912218924681105,0.9468230378304066,0.9114368931279987,0.944086001973168
12,0.9456499536986311,0.9685238909756813,0.9376343170378221,0.9624632585429209
13,0.966373365295639,0.9834799137361241,0.9599217169431981,0.9817203800562433
14,0.9778103178374014,0.9983381614892738,0.9600195100619606,0.9652003386250114
15,0.9678396425112175,0.9797653623358056,0.9489735606497331,0.9772237971489348
16,0.9856304870298059,1.0244379269347152,0.9823068901857949,1.0
17,1.0086527928392905,1.0253833460719295,0.9890682778146793,1.0104242614148757
18,1.009046446925546,1.0216435232514587,0.9891666999270582,0.9994018432129868
19,0.9945794314428887,1.015443385304855,0.9865094250114244,1.0122941163336614
20,1.0130814642328672,1.0482155271080071,0.9921190743521102,1.0282373447984465
21,1.0265642417603336,1.0295167143186859,0.9833601721577887,0.9892650421899971
22,0.9912333522057823,1.0119004342341948,0.9905444519743183,0.9947762891345951
23,0.9991065212306938,1.053037837930086,0.99546522349006,1.028040482113008
24,1.0371930735337744,1.0386693098423627,0.9471435597238596,0.9532453014265923
25,0.9528515925822887,1.0111131057112268,0.9507848918726078,1.007570168756204
26,1.013671923482639,1.0430979126649327,1.00491301675251,1.0315834049524475
27,1.0309929792989927,1.0381772142614196,1.0124909575759788,1.0178053632782595
28,0.9730266685740665,0.983163375896948,0.8765801827182012,0.8888820265730566
29,0.8872089842612999,0.9040378974631176,0.855420987045981,0.8745134725298596
30,0.8773678679377593,0.8789551064523051,0.8501856798858333,0.8580228734610406
31,0.8510785630462022,0.8630823428703125,0.8388763311032068,0.8520705965787067
