,Open,High,Low,Close
0,0.8116206032211033,0.8280354299689486,0.7927305469081025,0.8206096915770632
1,0.8212610625472178,0.88977334158824,0.8152683701075242,0.876758743861374
2,0.8724596060047984,0.8792339237301099,0.7856956708554453,0.7899296070096601
3,0.7864772961410631,0.7915580592832564,0.7658936852449442,0.7896039463727925
4,0.7816570913262155,0.7889525754026379,0.7453100246524058,0.7559926675914839
5,0.7602918054480594,0.783741508248562,0.7429650494027137,0.7785304410944861
6,0.7780093741362141,0.7937727802174854,0.758207388525713,0.7851745542007539
7,0.7849139958734082,0.8079728860311018,0.7653725685902527,0.7729286109940208
8,0.7803543493859063,0.7940333385448312,0.7421834241170959,0.7593798761505591
9,0.7621156640430602,0.876758743861374,0.7565137842461754,0.8074517693764103
10,0.7907764339976386,0.8533089913644519,0.7640698266499435,0.8431474650800654
11,0.8461437616034927,0.8930432665973368,0.824452815088469,0.8853569201816861
12,0.8887441287407614,0.9542730323274214,0.8880927080741872,0.934080184377692
13,0.938900438888959,0.9631318166714988,0.9122589835472051,0.9435903893883434
14,0.934796707353788,0.969254813123075,0.8930432665973368,0.897472609072956
15,0.9170400772799202,0.9204012449151866,0.8748045812544907,0.9132360151542274
16,0.9179259656536117,1.0193460209617509,0.9128452025114185,1.0
17,1.0100312222725039,1.050416818779124,1.007555943010929,1.0145908687600058
18,1.0144606641409621,1.0360864586500445,0.9906200990012312,1.033871787412235
19,1.0329598581147346,1.0682646914791611,1.0230588404612742,1.0488535682078886
20,1.04663879757724,1.0560186985760087,1.0246221904253487,1.0544554480047732
21,1.0463131866367918,1.078686825787313,1.0427305717563122,1.0643563662653945
22,1.06865550412197,1.0904116026429351,0.9960916747862333,1.0063835050825025
23,1.006513809094385,1.0822042389654318,1.0031266005353099,1.0814226136798142
24,1.0952318571542021,1.1453881673023998,1.086242768798242,1.1181604929964326
25,1.1210916872103383,1.1313183158042466,1.0747785005735464,1.1304063865067462
26,1.1463000965999002,1.1560708102414778,1.11803018898455,1.1304063865067462
27,1.1275403939952016,1.176003050167442,1.1023318852128006,1.170922287025249
28,1.2017977779140565,1.2201667672687853,1.1443459339930169,1.1857737638090198
29,1.1827774672855924,1.1985408733668639,1.100833736951087,1.1350963370061307
30,1.1264981606858187,1.1559406056224342,1.1199843515914334,1.1315789238280118
31,1.116336634401432,1.142522075398016,1.1029182035698528,1.141219333457707
