,Open,High,Low,Close
0,1.0042876945405388,1.0042876945405388,0.9679583364052928,0.9796750331404842
1,1.0198846256766805,1.0198846256766805,0.9558992975035944,0.9735123922044022
2,0.9704311070563768,1.0066082119915307,0.9472259501200684,0.9677301561160777
3,0.9685671096708737,0.998771777271737,0.9662465938755422,0.9834411765086734
4,0.9890712651564102,1.0546923394792873,0.983859638987892,1.0471982179419008
5,1.045448319439621,1.0462471521590637,0.9955002036797073,1.0045540281418361
6,1.0015105645661613,1.0853533963433961,0.9815389358831089,1.0778973541409624
7,1.0841742478585117,1.1208839842604772,1.017830382842504,1.0261994936489518
8,1.035823844294496,1.0599419506275949,0.9890711780272244,1.0538934138930702
9,1.0518392324382366,1.0735227639562561,0.9527418898885996,0.9642303491142977
10,0.9245153456259746,1.0090429027652208,0.9236784345219212,0.982033625598992
11,0.9742352662027091,1.0196183951105164,0.9571927648679286,0.9993044059274645
12,1.0070719499106315,1.0376147271824565,1.0021407244008944,1.035856349994591
13,1.0404052779566955,1.04602454882846,0.9944190428598731,1.0398700537510932
14,1.0301604507386473,1.0335243835731913,0.967889837972743,0.9773699433907204
15,0.9909403398856131,1.01104729279596,0.9530580655307498,1.005045852821994
16,1.0128058334302563,1.0333333372219136,0.9939220324893209,1.0
17,1.0017966773606168,1.0624617971141292,0.9829511393593919,1.0344418537387798
18,1.0340214754151351,1.0340214754151351,0.9950688641066444,1.0206805332660303
19,1.011773724652324,1.0467890309826138,1.0005734462602562,1.0365444101323418
20,1.0394495232931218,1.059059515736234,1.0319189380892821,1.0428898667046818
21,1.0395259738398868,1.044839368685373,1.0077216653953174,1.0315748384000418
22,1.0397552663198302,1.0459096440697744,1.014946437185434,1.0272170457157985
23,1.016934212483304,1.1274464552450953,1.0041283791775677,1.0402905414862593
24,1.0410932712181595,1.11227062092327,1.0410932712181595,1.093845516902677
25,1.0859709279554604,1.1314984646361625,1.0586391471580616,1.1118500907073976
26,1.1280617853653,1.1656957997526856,1.1246439419157082,1.1333997339814714
27,1.1347821329923042,1.1634300687469503,1.1160803277579756,1.134474967736513
28,1.1463028276846143,1.1685376791665643,1.1257576781885006,1.1413106009407765
29,1.1313643006922893,1.140388818339761,1.0747211987441403,1.1128545761061024
30,1.1077470919297665,1.131748407639572,1.0950744441125593,1.115581154191746
31,1.1021019571804773,1.1076703091986075,1.0714954752718426,1.085973143641412
