,Open,High,Low,Close
0,0.9193422789248189,0.9267425248686035,0.8409481279431886,0.8885213325758583
1,0.8895784771412849,0.9051922357734661,0.8628236181911239,0.9020206929901656
2,0.897710623150968,0.9180410567979118,0.8751845299693205,0.8835606587048918
3,0.8806331383108014,0.887301518572708,0.8608719528204398,0.8781121842006795
4,0.8818529742667831,0.8818529742667831,0.8385084716686512,0.852739776263104
5,0.8528211562314842,0.8716064593421591,0.8237892959497293,0.8421679655207993
6,0.8530650894746729,0.9081198817344797,0.836638062779149,0.8906356947243192
7,0.8887653326272529,0.9279624100922333,0.86949205728872,0.8794946589311398
8,0.887053469209611,0.9502807175621577,0.8790788305473843,0.9370168455310426
9,0.9882008814770139,1.042802489985798,0.961103461527965,1.0030922010325363
10,0.986166473998414,1.0061029770356427,0.9374236529948352,0.9663112998444856
11,0.9663113581446702,0.9845390244855567,0.9489788062390303,0.9737163844575083
12,0.9757506937590891,0.9916185181020606,0.9683456676769565,0.9866547244187478
13,0.9900724234512828,1.0042314723652424,0.9785987799058274,0.9971519479082627
14,0.9887704495895892,0.99934897839904,0.9351452247441124,0.9391325751124714
15,0.9464561503043848,0.9941410762339951,0.9458052088054667,0.9930018510069901
16,1.000813723448757,1.041581907687616,0.9867361277442136,1.0
17,1.0090325025234652,1.040849605588418,0.9894214377954899,1.025795441972982
18,1.0229473201987604,1.0401985424103908,0.9986166358902848,1.008706942954426
19,1.001546104430098,1.002034326076108,0.9768085270079783,0.9887704540001765
20,0.9883635638442156,1.0260395116498346,0.9618357575393298,0.9737976845630493
21,0.9741263619045848,0.9751034418071497,0.9385451608116556,0.9471758779851994
22,0.9580862950001972,1.0110916823053742,0.9476643581671518,0.9855253490994211
23,0.997738553449074,1.05440788074356,0.9687525342891583,0.9971686057280524
24,0.9896778421031488,0.9941559849999394,0.8892851699607223,0.891727776417251
25,0.8917278173341617,0.9292631159844673,0.8725937863416647,0.9121646215256325
26,0.9200624810507987,0.952712503302827,0.9033710572104269,0.9456288140502495
27,0.9427791102460651,0.9570278660098227,0.928693170072678,0.9482343332583317
28,0.9486414708575148,0.9836526622347297,0.9206324680600263,0.9440004500097585
29,0.9387080149907309,0.9559693867854716,0.8764205859855438,0.9164799291918346
30,0.9063837008797653,0.9209581498452846,0.8984858092278696,0.9118389238551168
31,0.9029639888572646,0.926983294311286,0.8906693312075487,0.9249477578450251
