,Open,High,Low,Close
0,0.8520990757211462,0.8619294757294659,0.8306688007030094,0.8611430257288002
1,0.8631090995256443,0.865645299377328,0.8326348013077718,0.8591769247555966
2,0.8534752495821073,0.8725462478968862,0.8192654276050804,0.8196586525703328
3,0.8210349353510691,0.8926003068950767,0.8210349353510691,0.8743157577780634
4,0.8751021189115696,0.9287761654714076,0.8618310947621571,0.927793065534418
5,0.9323150609285225,0.955318234964505,0.9183559115135227,0.922484661340495
6,0.928776195810509,0.973012994420239,0.9279897458352254,0.9655418696550407
7,0.985006020666034,1.0355342691612779,0.9800908208124111,0.9824501707421486
8,0.9806806339296489,1.0072226814648368,0.9702603598973217,0.9983753072864431
9,1.000734695000235,1.0121379193735205,0.8817868015375381,0.8845393763862582
10,0.8416788492519431,0.9161932219724511,0.8256552497421261,0.9156034219904938
11,0.9195333060839206,0.9439500817286203,0.8962039981240282,0.9217080906153788
12,0.9232898000472414,0.964610480806479,0.9232898000472414,0.9608540072889523
13,0.96678526868889,0.9996045600677361,0.9594700704556012,0.9936733019501331
14,0.9833926202794435,0.9877421140117776,0.9321866100134609,0.9373269482131573
15,0.9480031265295051,0.9598654919169809,0.8699090073745637,0.931791191971051
16,0.9286279066890992,1.0128508835043688,0.919632220358868,1.0
17,1.0075128187143365,1.0146302684041009,0.9408857154190763,0.9816133022999055
18,0.9756820145158981,1.0268880255515132,0.9545274149200147,1.025306412012096
19,1.0172003871789872,1.0537760749584133,1.008698998055064,1.050810521457395
20,1.0519968218276536,1.1321668557865512,1.0404310035937474,1.1154606236137419
21,1.1146698113355413,1.1186239583463464,1.0785883424179503,1.0903519090348488
22,1.097271624379033,1.134242737272299,1.0848160875254957,1.0923289594043528
23,1.0865954380257519,1.3396599422914581,1.075919263696857,1.2611703992195513
24,1.296892422613445,1.3344288050426507,1.2774290402498096,1.2905370602847908
25,1.2859690406851838,1.3157598292724855,1.2373703621168093,1.3105960501573595
26,1.3203277888901204,1.3642195316294299,1.3124827965416639,1.3409826018655033
27,1.3485297012698954,1.3703762488452806,1.3118870077634879,1.3489268451063423
28,1.3594529766705925,1.3780425215785657,1.3227110329948075,1.3517073834668678
29,1.349522737714231,1.363027902021837,1.2555825306459765,1.2998714206309439
30,1.286763442115504,1.3298607453073492,1.283585685361412,1.3092057809770967
31,1.287160665563101,1.326881718303441,1.2707757919172273,1.3262859267561424
