,Open,High,Low,Close
0,0.9312012342341502,0.9339782045751861,0.8930182804619988,0.9185893312700617
1,0.9208802858975782,0.9225927109224864,0.900006963259133,0.9003309031135232
2,0.8972068291351801,0.9207414444426554,0.890125632448957,0.9015805468291183
3,0.9004234876239016,0.9064402096152863,0.8826047476150485,0.8992664284186848
4,0.9014417053741953,0.906717892525132,0.8808229018626789,0.8978316863036224
5,0.9017193882840411,0.903964085967013,0.8817485351025943,0.8827667528528882
6,0.8887371472784391,0.920648859932277,0.8825816544534208,0.9120171728376961
7,0.9125957024403045,0.9391849709986613,0.9061624560841512,0.9092865300624942
8,0.9153264158367959,0.9855830168793356,0.9088237487531812,0.9755397514526093
9,0.9770208211335056,0.9946774852832295,0.9437668802536943,0.9500381919932972
10,0.93499642232548,0.958785556759884,0.9205100184773541,0.946567014377647
11,0.9470992164144215,0.9649179564232746,0.9366394266229267,0.9640154163449867
12,0.9636683127076796,0.9787332461584137,0.9604053972744138,0.9777612853526644
13,0.98118620602377,1.0038645381975018,0.9757943412008274,1.0015504197870684
14,0.9991900444320905,1.00097189018446,0.9701941435742113,0.9760256965448393
15,0.9825977843559155,0.997755302317028,0.9626732587403026,0.9898641500628953
16,0.9942841247013778,1.0123111268926153,0.9857218583342585,1.0
17,1.0008099555679095,1.0177724124430192,0.9950709164863705,1.0083539335634457
18,1.0071968743582291,1.0278156778697456,0.9998148309792433,1.0198320117265238
19,1.013954131190062,1.0545206241001082,1.00298523252342,1.05079485673624
20,1.0506097583367726,1.0602133356158134,1.0288570594029562,1.0414921261499617
21,1.040335066944745,1.100895576819155,1.023765970651487,1.0857612226409594
22,1.0876356529037072,1.0922870535074911,1.048434481381262,1.0533867286778085
23,1.0576909550229956,1.1385462579332426,1.052923876747206,1.1321592685216337
24,1.1359776203958802,1.1382454112404798,1.0844653219808198,1.0879827565410145
25,1.091916786087267,1.125031814890866,1.061925831262011,1.119315939592244
26,1.1231110570622842,1.131048536882251,1.1008261560916937,1.122949122445734
27,1.123411903755047,1.123411903755047,1.0928424193271824,1.0958507450122301
28,1.0955962258853014,1.1126512672707893,1.0822437880807647,1.0993219226278803
29,1.0983268686605034,1.1121189946127255,1.0588017572836679,1.0812718272750155
30,1.080299866469266,1.1060560156767962,1.068752438200016,1.0909679890644346
31,1.0837479509232886,1.0837479509232886,1.0567884855659972,1.0638002615247588
