,Open,High,Low,Close
0,0.8774081703565716,0.8774081703565716,0.8196012240158086,0.8578736530175871
1,0.8557263221891921,0.8816511273238207,0.8493014192044801,0.8497689817961419
2,0.8503058417307463,0.8693554634395818,0.8388414414855863,0.8609043500800501
3,0.8508772745563636,0.853977182222821,0.8279830915923259,0.8357415017081489
4,0.8501912650789268,0.8859130184905518,0.835826084011034,0.8856695678321373
5,0.8813043589754751,0.8850608871310153,0.842608706312023,0.8487130711990319
6,0.8507652093826681,0.8949043476735111,0.8453738944976896,0.8896173763671927
7,0.9117217200189833,1.0113043454659274,0.8935651940763022,0.9831826361225898
8,0.979217366269094,1.0071826132731814,0.9614086876698273,0.9908173365025443
9,0.9838435806255029,1.0287652462584151,0.976973993730562,1.0257914009558105
10,1.012382577387446,1.0205565114763253,0.9687478552050934,0.971756516822069
11,0.9779478727803625,1.014504429756176,0.9757391430841076,1.0046608917105913
12,1.0053566340861013,1.0177566435970473,0.9923826817630401,1.0165392309630263
13,1.0226956442935837,1.0317565521903889,1.0152696294208365,1.0264348172364133
14,1.0304696561593432,1.0572870192249528,1.0255130704573048,1.038052239798692
15,1.04055660364175,1.0518261356408256,1.0004696656850884,1.033600081440226
16,1.0347826086956522,1.041373874830163,0.9906956946331522,1.0
17,1.0061464633221024,1.023983457827993,0.9878383109631885,1.0155012316550973
18,1.018381048208345,1.0550672341956533,1.0100734154155446,1.031819859695258
19,1.027613612933407,1.0498313211669084,1.0115045520954922,1.0437750838248334
20,1.0456250557133615,1.0622403203494772,0.9476964482893415,0.9941387845816201
21,0.9941911802923407,1.011015871842987,0.9773664887416945,0.9853250401747543
22,0.9882745758462108,0.9953954185109537,0.9785183172686263,0.9905609110013169
23,0.9891298049730803,1.0817352782789247,0.9675928952869076,1.0747715588831226
24,1.0766739664653941,1.1008113518635962,1.0279626582871026,1.0336174045975233
25,1.0287480488825582,1.054159573411091,1.006635161830081,1.031243811248589
26,1.042954802557258,1.0776338517918378,1.0384693756608656,1.0649804462188681
27,1.071612512126827,1.087023516680199,0.9496860717363854,0.9592502665841428
28,0.9634041725294673,0.9908926068000091,0.8913582974099276,0.9083923639522634
29,0.907531552740887,0.9140139423613645,0.8336325677068117,0.8762234747173866
30,0.8773272378632035,0.8990869412907506,0.8743312940484047,0.8934980844009888
31,0.8880143427187775,0.9045356089260883,0.8771520280284407,0.8987715956680986
