,Open,High,Low,Close
0,1.0215063516706817,1.0237635470555313,0.971809140209347,1.0128341315930562
1,1.0166356912036403,1.019209628670833,0.9777886194374661,0.9804417726429446
2,0.9754126766881456,1.007963335469574,0.9642851919437837,1.0004394718890506
3,0.9985782991651729,1.0186551683020233,0.9634932200347057,0.9813129542571436
4,0.9809961497506301,0.997152715997223,0.9656316200292248,0.9847580815496578
5,0.9887575917000858,0.9899455859812278,0.9543061200903618,0.9670571338318947
6,0.9701062729463581,1.024991054437237,0.9483265987106745,0.999924622111482
7,1.0119628896631445,1.0427711640162078,1.0003206539727008,1.0142993006714818
8,1.0200015206174982,1.040870486436979,0.9902228086490503,1.0363560958183342
9,1.038336114840528,1.1039920055009997,1.0300598525002802,1.0546906908065112
10,1.029584610550939,1.0391280824043208,0.9459902576388665,0.9675719229675578
11,0.9671363393588416,0.978461772635863,0.950029426263368,0.9679283154460937
12,0.9704820752367498,1.0213053767853493,0.9608410992451747,1.011267629890565
13,1.016980716487915,1.0217814385149149,0.9327117599931928,0.9728625653697001
14,0.9587383227118828,0.9680618938559085,0.9153739398858662,0.9203332733584888
15,0.9240230009382595,0.9507637491793346,0.8941083276626414,0.9421543534187208
16,0.9444554658579983,1.024320529854406,0.9402896136896006,1.0
17,1.0021821308398953,1.019678673834013,0.9815116023203756,0.9928189068362651
18,0.9888910770081846,0.998730377493568,0.9466375807818055,0.9578654582918013
19,0.9466772853251095,0.9860345499535217,0.9385043131464182,0.9819877167394764
20,0.983574698474594,1.042650215539095,0.9705614123518564,1.0383654047146778
21,1.0378099300687413,1.0378099300687413,0.9948819700366548,1.0178139842295872
22,1.0253521561237484,1.1087879802528735,1.009601307675336,1.0727634340468035
23,1.0717318469866524,1.1835350345355042,1.0620512181193975,1.1597302332706114
24,1.1675884539509929,1.1727946828207,1.1032456942579454,1.109922368051855
25,1.1155658250601097,1.1323370717248809,1.087587226558826,1.1311049494892345
26,1.136430521628936,1.1600771049699863,1.1351587395871026,1.1450943093817818
27,1.1458494223888824,1.1497044283205704,1.1213681638607353,1.1400469623044458
28,1.1389739644287924,1.1479557583340019,1.0866334506693562,1.095972789249306
29,1.0976420183396889,1.106544250064902,1.0268610288250988,1.0457386114349894
30,1.0411682735861991,1.054084514319282,1.0368363797097764,1.0426783783165892
31,1.0298019186735043,1.0360017045226795,1.0099307790841459,1.0218932439277593
